Name,GivenName,SurName,sAMAccountName,UserPrincipalName,DisplayName,Email,Password
Tony Stark,Tony,Stark,tony.stark,tony.stark@example.com,Tony Stark,tony.stark@example.com,3X3cut3Ord3r66!!
Peter Parker,Peter,Parker,pparker,pparker@example.com,Peter Parker,pparker@example.com,SpiderR0ck!23
Natasha Romanoff,Natasha,Romanoff,nromanoff,nromanoff@example.com,Natasha Romanoff,nromanoff@example.com,Bl4ckW1dow!99
Bruce Banner,Bruce,Banner,bbanner,bbanner@example.com,Bruce Banner,bbanner@example.com,HulkSm4sh!11
Steve Rogers,Steve,Rogers,srogers,srogers@example.com,Steve Rogers,srogers@example.com,St4rSpangled!88
Clint Barton,Clint,Barton,cbarton,cbarton@example.com,Clint Barton,cbarton@example.com,Hawkeye!77
Wanda Maximoff,Wanda,Maximoff,wmaximoff,wmaximoff@example.com,Wanda Maximoff,wmaximoff@example.com,ScarletW1tch!45
Sam Wilson,Sam,Wilson,swilson,swilson@example.com,Sam Wilson,swilson@example.com,FalconF1y!30
Bucky Barnes,Bucky,Barnes,bbarnes,bbarnes@example.com,Bucky Barnes,bbarnes@example.com,Wint3rSoldier!22
Carol Danvers,Carol,Danvers,cdanvers,cdanvers@example.com,Carol Danvers,cdanvers@example.com,CaptainM4rvel!55
Scott Lang,Scott,Lang,slang,slang@example.com,Scott Lang,slang@example.com,AntManP0wer!66
Hope Van Dyne,Hope,Van Dyne,hovandyne,hovandyne@example.com,Hope Van Dyne,hovandyne@example.com,WaspW1ngs!44
